Workbook

Sheet Data
A1: Stair.thisTrialN | B1: Stair.stepSize | C1: Stair.intensity | D1: thisRow.t | E1: notes | F1: piloting | G1: trial.started | H1: fixation.started | I1: grating.started | J1: key_resp.started | K1: fixation.stopped | L1: grating.stopped | M1: trial.stopped | N1: corrAns | O1: tilt | P1: key_resp.corr | Q1: Stair.response | R1: key_resp.rt | S1: participant | T1: session | U1: date | V1: expName | W1: expVersion | X1: psychopyVersion | Y1: frameRate | Z1: expStart | AA1: Trial # (1-based) | AB1: Previous response | AC1: 1→0 reversal? (1=yes) | AD1: Cumulative reversal count
A2: 0 | B2: 2 | C2: 10 | D2: 0.0302669 | F2: =FALSE() -> FALSE | G2: 0.0144484 | H2: 0.0302669 | I2: 0.5353744 | J2: 0.5353744 | K2: 0.5481547 | L2: 0.8480425 | M2: 5.2837354 | N2: right | O2: 10 | P2: 1 | Q2: 1 | R2: 4.5821049 | S2: 833159 | T2: 1 | U2: 2026-09-28_21h43.55.313 | V2: Palak_Jain_AdaptiveStaircase | X2: 2026.2.3 | Y2: 59.044181 | Z2: 2026-09-28 21h43.55.389405 +0530 | AA2: =A2+1 -> 1 | AC2: 0 | AD2: =SUM(AC$2:AC2) -> 0
A3: 1 | B3: 2 | C3: 8 | D3: 5.2959685 | G3: 5.2838903 | H3: 5.2959685 | I3: 5.7988014 | J3: 5.7988014 | K3: 5.7988014 | L3: 6.0981286 | M3: 7.0996131 | N3: left | O3: -8 | P3: 1 | Q3: 1 | R3: 1.2850964 | S3: 833159 | T3: 1 | U3: 2026-09-28_21h43.55.313 | V3: Palak_Jain_AdaptiveStaircase | X3: 2026.2.3 | Y3: 59.044181 | Z3: 2026-09-28 21h43.55.389405 +0530 | AA3: =A3+1 -> 2 | AB3: =Q2 -> 1 | AC3: =IF(AND(AB3=1,Q3=0),1,0) -> 0 | AD3: =SUM(AC$2:AC3) -> 0
A4: 2 | B4: 2 | C4: 6 | D4: 7.1139464 | G4: 7.1000691 | H4: 7.1139464 | I4: 7.6158622 | J4: 7.6158622 | K4: 7.6158622 | L4: 7.9139532 | M4: 8.4662211 | N4: left | O4: -6 | P4: 1 | Q4: 1 | R4: 0.8490525 | S4: 833159 | T4: 1 | U4: 2026-09-28_21h43.55.313 | V4: Palak_Jain_AdaptiveStaircase | X4: 2026.2.3 | Y4: 59.044181 | Z4: 2026-09-28 21h43.55.389405 +0530 | AA4: =A4+1 -> 3 | AB4: =Q3 -> 1 | AC4: =IF(AND(AB4=1,Q4=0),1,0) -> 0 | AD4: =SUM(AC$2:AC4) -> 0
A5: 3 | B5: 2 | C5: 4 | D5: 8.4815176 | G5: 8.4666809 | H5: 8.4815176 | I5: 8.9804355 | J5: 8.9804355 | K5: 8.9986088 | L5: 9.2824748 | M5: 9.7338297 | N5: left | O5: -4 | P5: 1 | Q5: 1 | R5: 0.7498629 | S5: 833159 | T5: 1 | U5: 2026-09-28_21h43.55.313 | V5: Palak_Jain_AdaptiveStaircase | X5: 2026.2.3 | Y5: 59.044181 | Z5: 2026-09-28 21h43.55.389405 +0530 | AA5: =A5+1 -> 4 | AB5: =Q4 -> 1 | AC5: =IF(AND(AB5=1,Q5=0),1,0) -> 0 | AD5: =SUM(AC$2:AC5) -> 0
A6: 4 | B6: 2 | C6: 2 | D6: 9.7490035 | G6: 9.734319 | H6: 9.7490035 | I6: 10.24775 | J6: 10.24775 | K6: 10.24775 | L6: 10.548841 | M6: 10.88229 | N6: left | O6: -2 | P6: 1 | Q6: 1 | R6: 0.6319564 | S6: 833159 | T6: 1 | U6: 2026-09-28_21h43.55.313 | V6: Palak_Jain_AdaptiveStaircase | X6: 2026.2.3 | Y6: 59.044181 | Z6: 2026-09-28 21h43.55.389405 +0530 | AA6: =A6+1 -> 5 | AB6: =Q5 -> 1 | AC6: =IF(AND(AB6=1,Q6=0),1,0) -> 0 | AD6: =SUM(AC$2:AC6) -> 0
A7: 5 | B7: 1 | C7: 1 | D7: 10.897329 | G7: 10.882585 | H7: 10.897329 | I7: 11.396783 | J7: 11.396783 | K7: 11.396783 | L7: 11.697994 | M7: 12.281383 | N7: right | O7: 1 | P7: 0 | Q7: 0 | R7: 0.871245 | S7: 833159 | T7: 1 | U7: 2026-09-28_21h43.55.313 | V7: Palak_Jain_AdaptiveStaircase | X7: 2026.2.3 | Y7: 59.044181 | Z7: 2026-09-28 21h43.55.389405 +0530 | AA7: =A7+1 -> 6 | AB7: =Q6 -> 1 | AC7: =IF(AND(AB7=1,Q7=0),1,0) -> 1 | AD7: =SUM(AC$2:AC7) -> 1
A8: 6 | B8: 1 | C8: 2 | D8: 12.297207 | G8: 12.281634 | H8: 12.297207 | I8: 12.780265 | J8: 12.780265 | K8: 12.796849 | L8: 13.082002 | M8: 13.464697 | N8: right | O8: 2 | P8: 1 | Q8: 1 | R8: 0.677543 | S8: 833159 | T8: 1 | U8: 2026-09-28_21h43.55.313 | V8: Palak_Jain_AdaptiveStaircase | X8: 2026.2.3 | Y8: 59.044181 | Z8: 2026-09-28 21h43.55.389405 +0530 | AA8: =A8+1 -> 7 | AB8: =Q7 -> 0 | AC8: =IF(AND(AB8=1,Q8=0),1,0) -> 0 | AD8: =SUM(AC$2:AC8) -> 1
A9: 7 | B9: 1 | C9: 2 | D9: 13.481655 | G9: 13.46499 | H9: 13.481655 | I9: 13.964662 | J9: 13.964662 | K9: 13.982434 | L9: 14.265366 | M9: 14.84977 | N9: right | O9: 2 | P9: 1 | Q9: 1 | R9: 0.8767084 | S9: 833159 | T9: 1 | U9: 2026-09-28_21h43.55.313 | V9: Palak_Jain_AdaptiveStaircase | X9: 2026.2.3 | Y9: 59.044181 | Z9: 2026-09-28 21h43.55.389405 +0530 | AA9: =A9+1 -> 8 | AB9: =Q8 -> 1 | AC9: =IF(AND(AB9=1,Q9=0),1,0) -> 0 | AD9: =SUM(AC$2:AC9) -> 1
A10: 8 | B10: 1 | C10: 2 | D10: 14.865651 | G10: 14.850251 | H10: 14.865651 | I10: 15.349634 | J10: 15.349634 | K10: 15.365647 | L10: 15.648339 | M10: 15.848725 | N10: left | O10: -2 | P10: 1 | Q10: 1 | R10: 0.483109 | S10: 833159 | T10: 1 | U10: 2026-09-28_21h43.55.313 | V10: Palak_Jain_AdaptiveStaircase | X10: 2026.2.3 | Y10: 59.044181 | Z10: 2026-09-28 21h43.55.389405 +0530 | AA10: =A10+1 -> 9 | AB10: =Q9 -> 1 | AC10: =IF(AND(AB10=1,Q10=0),1,0) -> 0 | AD10: =SUM(AC$2:AC10) -> 1
A11: 9 | B11: 1 | C11: 1 | D11: 15.864618 | G11: 15.849008 | H11: 15.864618 | I11: 16.350157 | J11: 16.350157 | K11: 16.365389 | L11: 16.665668 | M11: 17.016631 | N11: left | O11: -1 | P11: 1 | Q11: 1 | R11: 0.6526301 | S11: 833159 | T11: 1 | U11: 2026-09-28_21h43.55.313 | V11: Palak_Jain_AdaptiveStaircase | X11: 2026.2.3 | Y11: 59.044181 | Z11: 2026-09-28 21h43.55.389405 +0530 | AA11: =A11+1 -> 10 | AB11: =Q10 -> 1 | AC11: =IF(AND(AB11=1,Q11=0),1,0) -> 0 | AD11: =SUM(AC$2:AC11) -> 1
A12: 10 | B12: 0.5 | C12: 1 | D12: 17.031822 | G12: 17.017046 | H12: 17.031822 | I12: 17.531548 | J12: 17.531548 | K12: 17.548368 | L12: 17.831975 | M12: 18.25002 | N12: left | O12: -1 | P12: 0 | Q12: 0 | R12: 0.70458 | S12: 833159 | T12: 1 | U12: 2026-09-28_21h43.55.313 | V12: Palak_Jain_AdaptiveStaircase | X12: 2026.2.3 | Y12: 59.044181 | Z12: 2026-09-28 21h43.55.389405 +0530 | AA12: =A12+1 -> 11 | AB12: =Q11 -> 1 | AC12: =IF(AND(AB12=1,Q12=0),1,0) -> 1 | AD12: =SUM(AC$2:AC12) -> 2
A13: 11 | B13: 0.5 | C13: 1.5 | D13: 18.265637 | G13: 18.250519 | H13: 18.265637 | I13: 18.765456 | J13: 18.765456 | K13: 18.781109 | L13: 19.064446 | M13: 19.399726 | N13: right | O13: 1.5 | P13: 1 | Q13: 1 | R13: 0.6302683 | S13: 833159 | T13: 1 | U13: 2026-09-28_21h43.55.313 | V13: Palak_Jain_AdaptiveStaircase | X13: 2026.2.3 | Y13: 59.044181 | Z13: 2026-09-28 21h43.55.389405 +0530 | AA13: =A13+1 -> 12 | AB13: =Q12 -> 0 | AC13: =IF(AND(AB13=1,Q13=0),1,0) -> 0 | AD13: =SUM(AC$2:AC13) -> 2
A14: 12 | B14: 0.5 | C14: 1.5 | D14: 19.415546 | G14: 19.400151 | H14: 19.415546 | I14: 19.916639 | J14: 19.916639 | K14: 19.916639 | L14: 20.215358 | M14: 20.483152 | N14: left | O14: -1.5 | P14: 1 | Q14: 1 | R14: 0.5618111 | S14: 833159 | T14: 1 | U14: 2026-09-28_21h43.55.313 | V14: Palak_Jain_AdaptiveStaircase | X14: 2026.2.3 | Y14: 59.044181 | Z14: 2026-09-28 21h43.55.389405 +0530 | AA14: =A14+1 -> 13 | AB14: =Q13 -> 1 | AC14: =IF(AND(AB14=1,Q14=0),1,0) -> 0 | AD14: =SUM(AC$2:AC14) -> 2
... A91: 89 | B91: 0.5 | C91: 4.5 | D91: 103.79792 | G91: 103.78236 | H91: 103.79792 | I91: 104.28087 | J91: 104.28087 | K91: 104.29768 | L91: 104.58275 | M91: 104.56759 | N91: right | O91: 4.5 | P91: 0 | Q91: 0 | R91: 0.270086 | S91: 833159 | T91: 1 | U91: 2026-09-28_21h43.55.313 | V91: Palak_Jain_AdaptiveStaircase | X91: 2026.2.3 | Y91: 59.044181 | Z91: 2026-09-28 21h43.55.389405 +0530 | AA91: =A91+1 -> 90 | AB91: =Q90 -> 1 | AC91: =IF(AND(AB91=1,Q91=0),1,0) -> 1 | AD91: =SUM(AC$2:AC91) -> 16
A92: 90 | B92: 0.5 | C92: 5 | D92: 104.58275 | G92: 104.56814 | H92: 104.58275 | I92: 105.08077 | J92: 105.08077 | K92: 105.09726 | M92: 105.3165 | N92: right | O92: 5 | P92: 0 | Q92: 0 | R92: 0.2217092 | S92: 833159 | T92: 1 | U92: 2026-09-28_21h43.55.313 | V92: Palak_Jain_AdaptiveStaircase | X92: 2026.2.3 | Y92: 59.044181 | Z92: 2026-09-28 21h43.55.389405 +0530 | AA92: =A92+1 -> 91 | AB92: =Q91 -> 0 | AC92: =IF(AND(AB92=1,Q92=0),1,0) -> 0 | AD92: =SUM(AC$2:AC92) -> 16
A93: 91 | B93: 0.5 | C93: 5.5 | D93: 105.33197 | G93: 105.31694 | H93: 105.33197 | I93: 105.83052 | J93: 105.83052 | K93: 105.84711 | L93: 106.13194 | M93: 106.18254 | N93: right | O93: 5.5 | P93: 1 | Q93: 1 | R93: 0.3512575 | S93: 833159 | T93: 1 | U93: 2026-09-28_21h43.55.313 | V93: Palak_Jain_AdaptiveStaircase | X93: 2026.2.3 | Y93: 59.044181 | Z93: 2026-09-28 21h43.55.389405 +0530 | AA93: =A93+1 -> 92 | AB93: =Q92 -> 0 | AC93: =IF(AND(AB93=1,Q93=0),1,0) -> 0 | AD93: =SUM(AC$2:AC93) -> 16
A94: 92 | B94: 0.5 | C94: 5.5 | D94: 106.1977 | G94: 106.18288 | H94: 106.1977 | I94: 106.6966 | J94: 106.6966 | K94: 106.6966 | L94: 106.99735 | M94: 107.36462 | N94: left | O94: -5.5 | P94: 1 | Q94: 1 | R94: 0.6534772 | S94: 833159 | T94: 1 | U94: 2026-09-28_21h43.55.313 | V94: Palak_Jain_AdaptiveStaircase | X94: 2026.2.3 | Y94: 59.044181 | Z94: 2026-09-28 21h43.55.389405 +0530 | AA94: =A94+1 -> 93 | AB94: =Q93 -> 1 | AC94: =IF(AND(AB94=1,Q94=0),1,0) -> 0 | AD94: =SUM(AC$2:AC94) -> 16
A95: 93 | B95: 0.5 | C95: 5.5 | D95: 107.38106 | G95: 107.36491 | H95: 107.38106 | I95: 107.86518 | J95: 107.86518 | K95: 107.88283 | L95: 108.16596 | M95: 108.40188 | N95: left | O95: -5.5 | P95: 1 | Q95: 1 | R95: 0.5311299 | S95: 833159 | T95: 1 | U95: 2026-09-28_21h43.55.313 | V95: Palak_Jain_AdaptiveStaircase | X95: 2026.2.3 | Y95: 59.044181 | Z95: 2026-09-28 21h43.55.389405 +0530 | AA95: =A95+1 -> 94 | AB95: =Q94 -> 1 | AC95: =IF(AND(AB95=1,Q95=0),1,0) -> 0 | AD95: =SUM(AC$2:AC95) -> 16
A96: 94 | B96: 0.5 | C96: 5 | D96: 108.41642 | G96: 108.40237 | H96: 108.41642 | I96: 108.91458 | J96: 108.91458 | K96: 108.93277 | L96: 109.21691 | M96: 109.41515 | N96: left | O96: -5 | P96: 1 | Q96: 1 | R96: 0.4873563 | S96: 833159 | T96: 1 | U96: 2026-09-28_21h43.55.313 | V96: Palak_Jain_AdaptiveStaircase | X96: 2026.2.3 | Y96: 59.044181 | Z96: 2026-09-28 21h43.55.389405 +0530 | AA96: =A96+1 -> 95 | AB96: =Q95 -> 1 | AC96: =IF(AND(AB96=1,Q96=0),1,0) -> 0 | AD96: =SUM(AC$2:AC96) -> 16
A97: 95 | B97: 0.5 | C97: 5 | D97: 109.43182 | G97: 109.41545 | H97: 109.43182 | I97: 109.91606 | J97: 109.91606 | K97: 109.93134 | L97: 110.21628 | M97: 110.51695 | N97: right | O97: 5 | P97: 1 | Q97: 1 | R97: 0.5952256 | S97: 833159 | T97: 1 | U97: 2026-09-28_21h43.55.313 | V97: Palak_Jain_AdaptiveStaircase | X97: 2026.2.3 | Y97: 59.044181 | Z97: 2026-09-28 21h43.55.389405 +0530 | AA97: =A97+1 -> 96 | AB97: =Q96 -> 1 | AC97: =IF(AND(AB97=1,Q97=0),1,0) -> 0 | AD97: =SUM(AC$2:AC97) -> 16
A98: 96 | B98: 0.5 | C98: 5 | D98: 110.53221 | G98: 110.51737 | H98: 110.53221 | I98: 111.03121 | J98: 111.03121 | K98: 111.03121 | L98: 111.33075 | M98: 111.5671 | N98: right | O98: 5 | P98: 1 | Q98: 1 | R98: 0.5346705 | S98: 833159 | T98: 1 | U98: 2026-09-28_21h43.55.313 | V98: Palak_Jain_AdaptiveStaircase | X98: 2026.2.3 | Y98: 59.044181 | Z98: 2026-09-28 21h43.55.389405 +0530 | AA98: =A98+1 -> 97 | AB98: =Q97 -> 1 | AC98: =IF(AND(AB98=1,Q98=0),1,0) -> 0 | AD98: =SUM(AC$2:AC98) -> 16
A99: 97 | B99: 0.5 | C99: 4.5 | D99: 111.58226 | G99: 111.56759 | H99: 111.58226 | I99: 112.08196 | J99: 112.08196 | K99: 112.08196 | L99: 112.3816 | M99: 112.58303 | N99: left | O99: -4.5 | P99: 1 | Q99: 1 | R99: 0.4971984 | S99: 833159 | T99: 1 | U99: 2026-09-28_21h43.55.313 | V99: Palak_Jain_AdaptiveStaircase | X99: 2026.2.3 | Y99: 59.044181 | Z99: 2026-09-28 21h43.55.389405 +0530 | AA99: =A99+1 -> 98 | AB99: =Q98 -> 1 | AC99: =IF(AND(AB99=1,Q99=0),1,0) -> 0 | AD99: =SUM(AC$2:AC99) -> 16
A100: 98 | B100: 0.5 | C100: 4.5 | D100: 112.59851 | G100: 112.58339 | H100: 112.59851 | I100: 113.08385 | J100: 113.08385 | K100: 113.09786 | L100: 113.39758 | M100: 113.59995 | N100: left | O100: -4.5 | P100: 1 | Q100: 1 | R100: 0.5133297 | S100: 833159 | T100: 1 | U100: 2026-09-28_21h43.55.313 | V100: Palak_Jain_AdaptiveStaircase | X100: 2026.2.3 | Y100: 59.044181 | Z100: 2026-09-28 21h43.55.389405 +0530 | AA100: =A100+1 -> 99 | AB100: =Q99 -> 1 | AC100: =IF(AND(AB100=1,Q100=0),1,0) -> 0 | AD100: =SUM(AC$2:AC100) -> 16
A101: 99 | B101: 0.5 | C101: 4.5 | D101: 113.61461 | G101: 113.60033 | H101: 113.61461 | I101: 114.09854 | J101: 114.09854 | K101: 114.1145 | L101: 114.3986 | M101: 114.61535 | N101: right | O101: 4.5 | P101: 1 | Q101: 1 | R101: 0.5084415 | S101: 833159 | T101: 1 | U101: 2026-09-28_21h43.55.313 | V101: Palak_Jain_AdaptiveStaircase | X101: 2026.2.3 | Y101: 59.044181 | Z101: 2026-09-28 21h43.55.389405 +0530 | AA101: =A101+1 -> 100 | AB101: =Q100 -> 1 | AC101: =IF(AND(AB101=1,Q101=0),1,0) -> 0 | AD101: =SUM(AC$2:AC101) -> 16

Sheet Analysis
A1: Adaptive Staircase – Difference Threshold (JND) Analysis
A2: Participant: Palak Jain | Orientation discrimination (left vs right tilt) | Session date: 2026-09-28
A4: Summary
A5: Total trials | B5: =COUNT(Data!A2:A101) -> 100
A6: Total 1→0 reversals | B6: =SUM(Data!AC2:AC101) -> 16
A7: Reversals used (last N) | B7: 5
A8: Overall accuracy | B8: =AVERAGE(Data!Q2:Q101) -> 0.76
A9: Final step size (deg) | B9: =Data!B101 -> 0.5
A11: Last five 1→0 reversals
A12: Reversal # | B12: Trial # | C12: Intensity (deg tilt)
A13: =$B$6-$B$7+1 -> 12 | B13: =INDEX(Data!$AA$2:$AA$101,MATCH(A13,Data!$AD$2:$AD$101,0)) -> 72 | C13: =INDEX(Data!$C$2:$C$101,MATCH(A13,Data!$AD$2:$AD$101,0)) -> 2
A14: =$B$6-$B$7+2 -> 13 | B14: =INDEX(Data!$AA$2:$AA$101,MATCH(A14,Data!$AD$2:$AD$101,0)) -> 77 | C14: =INDEX(Data!$C$2:$C$101,MATCH(A14,Data!$AD$2:$AD$101,0)) -> 2
A15: =$B$6-$B$7+3 -> 14 | B15: =INDEX(Data!$AA$2:$AA$101,MATCH(A15,Data!$AD$2:$AD$101,0)) -> 81 | C15: =INDEX(Data!$C$2:$C$101,MATCH(A15,Data!$AD$2:$AD$101,0)) -> 2
A16: =$B$6-$B$7+4 -> 15 | B16: =INDEX(Data!$AA$2:$AA$101,MATCH(A16,Data!$AD$2:$AD$101,0)) -> 86 | C16: =INDEX(Data!$C$2:$C$101,MATCH(A16,Data!$AD$2:$AD$101,0)) -> 3.5
A17: =$B$6-$B$7+5 -> 16 | B17: =INDEX(Data!$AA$2:$AA$101,MATCH(A17,Data!$AD$2:$AD$101,0)) -> 90 | C17: =INDEX(Data!$C$2:$C$101,MATCH(A17,Data!$AD$2:$AD$101,0)) -> 4.5
A19: Difference threshold (mean of last 5 reversals, deg) | C19: =AVERAGE(C13:C17) -> 2.8
A20: Standard deviation | C20: =STDEV(C13:C17) -> 1.1510864
A21: Standard error | C21: =C20/SQRT(COUNT(C13:C17)) -> 0.51478151
A23: Method notes
A24: Reversal (1→0): a trial answered incorrectly (Stair.response = 0) immediately after a correct one (1); intensity is that trial's tilt magnitude.
A25: Trial # is 1-based (PsychoPy Stair.thisTrialN + 1). Intensity = absolute tilt angle in degrees.
A26: Helper columns (orange headers) on the Data sheet flag each reversal; this sheet pulls them with INDEX/MATCH.
A27: Raw data (100 trials) copied unchanged from the PsychoPy CSV.

Sheet Graphs
A1: Graphs (native Excel charts – right-click a chart > Save as Picture to export)
